تاریخ,روز هفته,ماه,سیگنال (بدون قانون ۷),برد (بدون قانون ۷),3 پله/20$ (بدون قانون ۷),4 پله/20$ (بدون قانون ۷),5 پله/20$ (بدون قانون ۷),3 پله/50$ (بدون قانون ۷),4 پله/50$ (بدون قانون ۷),5 پله/50$ (بدون قانون ۷),سیگنال (با قانون ۷),برد (با قانون ۷),3 پله/20$ (با قانون ۷),4 پله/20$ (با قانون ۷),5 پله/20$ (با قانون ۷),3 پله/50$ (با قانون ۷),4 پله/50$ (با قانون ۷),5 پله/50$ (با قانون ۷)
2025-07-24,پنج‌شنبه,2025-07,21,7,-160,-180,-500,-400,-450,-1250,21,7,-160,-180,-500,-400,-450,-1250
2025-07-25,جمعه,2025-07,49,30,620,620,620,1550,1550,1550,50,31,640,640,640,1600,1600,1600
2025-07-26,شنبه,2025-07,53,26,100,-80,-100,250,-200,-250,57,28,140,-40,-60,350,-100,-150
2025-07-27,یکشنبه,2025-07,66,26,-320,-680,-720,-800,-1700,-1800,66,26,-320,-680,-720,-800,-1700,-1800
2025-07-28,دوشنبه,2025-07,62,34,120,540,540,300,1350,1350,62,34,120,540,540,300,1350,1350
2025-07-29,سه‌شنبه,2025-07,58,24,-360,-580,0,-900,-1450,0,59,25,-340,-560,20,-850,-1400,50
2025-07-30,چهارشنبه,2025-07,63,29,-260,-320,-660,-650,-800,-1650,63,29,-260,-320,-660,-650,-800,-1650
2025-07-31,پنج‌شنبه,2025-07,80,40,-240,-160,120,-600,-400,300,81,41,-220,-140,140,-550,-350,350
2025-08-01,جمعه,2025-08,64,27,-380,-740,460,-950,-1850,1150,66,29,-260,-620,580,-650,-1550,1450
2025-08-02,شنبه,2025-08,78,35,140,240,220,350,600,550,85,39,280,240,220,700,600,550
2025-08-03,یکشنبه,2025-08,52,25,220,200,500,550,500,1250,54,26,240,220,520,600,550,1300
2025-08-04,دوشنبه,2025-08,39,16,-380,20,320,-950,50,800,39,16,-380,20,320,-950,50,800
2025-08-05,سه‌شنبه,2025-08,65,29,-280,-640,-680,-700,-1600,-1700,66,30,-260,-620,-660,-650,-1550,-1650
2025-08-06,چهارشنبه,2025-08,50,29,320,300,-20,800,750,-50,52,30,340,320,0,850,800,0
2025-08-07,پنج‌شنبه,2025-08,70,42,560,840,840,1400,2100,2100,70,42,560,840,840,1400,2100,2100
2025-08-08,جمعه,2025-08,47,24,200,480,480,500,1200,1200,51,28,280,560,560,700,1400,1400
2025-08-09,شنبه,2025-08,68,28,-760,-1000,-1980,-1900,-2500,-4950,68,28,-760,-1000,-1980,-1900,-2500,-4950
2025-08-10,یکشنبه,2025-08,77,36,-60,-120,-460,-150,-300,-1150,77,36,-60,-120,-460,-150,-300,-1150
2025-08-11,دوشنبه,2025-08,52,32,500,640,640,1250,1600,1600,53,32,500,640,640,1250,1600,1600
2025-08-12,سه‌شنبه,2025-08,39,19,-40,80,-240,-100,200,-600,43,20,-160,100,-220,-400,250,-550
2025-08-13,چهارشنبه,2025-08,55,29,300,580,580,750,1450,1450,58,31,340,620,620,850,1550,1550
2025-08-14,پنج‌شنبه,2025-08,48,26,100,520,520,250,1300,1300,52,28,0,560,560,0,1400,1400
2025-08-15,جمعه,2025-08,49,27,120,240,-80,300,600,-200,52,29,160,280,-40,400,700,-100
2025-08-16,شنبه,2025-08,45,27,260,540,540,650,1350,1350,45,27,260,540,540,650,1350,1350
2025-08-17,یکشنبه,2025-08,74,36,20,-780,720,50,-1950,1800,75,36,20,-780,720,50,-1950,1800
2025-08-18,دوشنبه,2025-08,59,27,-300,-360,-700,-750,-900,-1750,61,28,-280,-340,-680,-700,-850,-1700
2025-08-19,سه‌شنبه,2025-08,55,29,160,-20,-40,400,-50,-100,57,30,180,0,600,450,0,1500
2025-08-20,چهارشنبه,2025-08,73,32,-200,-260,-600,-500,-650,-1500,73,32,-200,-260,-600,-500,-650,-1500
2025-08-21,پنج‌شنبه,2025-08,52,26,-180,520,520,-450,1300,1300,53,26,-320,520,520,-800,1300,1300
2025-08-22,جمعه,2025-08,58,26,-180,220,-100,-450,550,-250,59,27,-160,240,-80,-400,600,-200
2025-08-23,شنبه,2025-08,49,24,-80,-420,-760,-200,-1050,-1900,51,24,-80,-420,-760,-200,-1050,-1900
2025-08-24,یکشنبه,2025-08,54,34,540,380,680,1350,950,1700,54,34,540,380,680,1350,950,1700
2025-08-25,دوشنبه,2025-08,47,27,400,240,540,1000,600,1350,48,28,420,260,560,1050,650,1400
2025-08-26,سه‌شنبه,2025-08,52,27,120,540,540,300,1350,1350,55,28,0,260,560,0,650,1400
2025-08-27,چهارشنبه,2025-08,46,27,120,540,540,300,1350,1350,48,28,140,560,560,350,1400,1400
2025-08-28,پنج‌شنبه,2025-08,54,31,340,320,620,850,800,1550,54,31,340,320,620,850,800,1550
2025-08-29,جمعه,2025-08,54,24,-80,-420,-140,-200,-1050,-350,56,25,-60,-400,-120,-150,-1000,-300
2025-08-30,شنبه,2025-08,31,17,40,20,-300,100,50,-750,33,18,200,40,-280,500,100,-700
2025-08-31,یکشنبه,2025-08,67,32,-180,-240,40,-450,-600,100,69,33,-160,-220,60,-400,-550,150
2025-09-01,دوشنبه,2025-09,66,34,120,-220,-560,300,-550,-1400,66,34,120,-220,-560,300,-550,-1400
2025-09-02,سه‌شنبه,2025-09,45,24,60,-120,-140,150,-300,-350,49,25,-60,-100,-740,-150,-250,-1850
2025-09-03,چهارشنبه,2025-09,58,32,80,40,-600,200,100,-1500,60,34,120,80,-560,300,200,-1400
2025-09-04,پنج‌شنبه,2025-09,64,35,280,-200,80,700,-500,200,66,36,300,-180,100,750,-450,250
2025-09-05,جمعه,2025-09,44,23,-100,-140,-780,-250,-350,-1950,50,25,-340,-100,-740,-850,-250,-1850
2025-09-06,شنبه,2025-09,47,27,100,-80,-100,250,-200,-250,51,29,140,-340,-60,350,-850,-150
2025-09-07,یکشنبه,2025-09,74,46,640,920,920,1600,2300,2300,74,46,640,920,920,1600,2300,2300
2025-09-08,دوشنبه,2025-09,66,34,140,400,700,350,1000,1750,68,35,160,420,720,400,1050,1800
2025-09-09,سه‌شنبه,2025-09,56,25,-340,-700,-740,-850,-1750,-1850,56,25,-340,-700,-740,-850,-1750,-1850
2025-09-10,چهارشنبه,2025-09,46,27,400,540,540,1000,1350,1350,47,28,420,560,560,1050,1400,1400
2025-09-11,پنج‌شنبه,2025-09,67,34,120,80,60,300,200,150,67,34,120,80,60,300,200,150
2025-09-12,جمعه,2025-09,38,19,100,80,380,250,200,950,42,20,120,100,400,300,250,1000
2025-09-13,شنبه,2025-09,60,29,0,260,560,0,650,1400,61,30,20,280,580,50,700,1450
2025-09-14,یکشنبه,2025-09,77,30,-80,-880,-1240,-200,-2200,-3100,78,31,-60,-860,-1220,-150,-2150,-3050
2025-09-15,دوشنبه,2025-09,57,23,-100,-440,-160,-250,-1100,-400,58,24,-80,-420,-140,-200,-1050,-350
2025-09-16,سه‌شنبه,2025-09,46,18,-360,-560,-280,-900,-1400,-700,48,19,-340,-540,-260,-850,-1350,-650
2025-09-17,چهارشنبه,2025-09,72,32,-180,-540,-580,-450,-1350,-1450,74,32,-180,-540,-1200,-450,-1350,-3000
2025-09-18,پنج‌شنبه,2025-09,43,21,0,-180,-200,0,-450,-500,44,22,20,-160,-180,50,-400,-450
2025-09-19,جمعه,2025-09,53,25,80,-400,500,200,-1000,1250,54,26,100,-380,520,250,-950,1300
2025-09-20,شنبه,2025-09,87,39,-480,-120,160,-1200,-300,400,87,39,-480,-120,160,-1200,-300,400
2025-09-21,یکشنبه,2025-09,89,41,-160,220,820,-400,550,2050,90,42,-140,240,840,-350,600,2100
2025-09-22,دوشنبه,2025-09,50,24,200,-120,-140,500,-300,-350,50,24,200,-120,-140,500,-300,-350
2025-09-23,سه‌شنبه,2025-09,67,34,-320,-240,-580,-800,-600,-1450,67,34,-320,-240,-580,-800,-600,-1450
2025-09-24,چهارشنبه,2025-09,61,35,160,120,100,400,300,250,63,36,180,140,120,450,350,300
2025-09-25,پنج‌شنبه,2025-09,52,26,-320,-380,-720,-800,-950,-1800,52,26,-320,-380,-720,-800,-950,-1800
2025-09-26,جمعه,2025-09,47,23,40,460,460,100,1150,1150,47,23,40,460,460,100,1150,1150
2025-09-27,شنبه,2025-09,58,31,200,620,620,500,1550,1550,60,31,60,620,620,150,1550,1550
2025-09-28,یکشنبه,2025-09,70,35,0,-200,80,0,-500,200,70,35,0,-200,80,0,-500,200
2025-09-29,دوشنبه,2025-09,41,19,-40,80,380,-100,200,950,42,20,-20,100,400,-50,250,1000
2025-09-30,سه‌شنبه,2025-09,62,31,200,-280,-620,500,-700,-1550,68,34,260,-220,60,650,-550,150
2025-10-01,چهارشنبه,2025-10,46,22,-120,-160,440,-300,-400,1100,48,24,-80,-120,480,-200,-300,1200
2025-10-02,پنج‌شنبه,2025-10,48,21,-300,-500,-220,-750,-1250,-550,49,22,-280,-480,-200,-700,-1200,-500
2025-10-03,جمعه,2025-10,62,27,-20,-360,-700,-50,-900,-1750,63,28,0,-340,-680,0,-850,-1700
2025-10-04,شنبه,2025-10,47,26,-20,240,540,-50,600,1350,51,30,340,620,620,850,1550,1550
2025-10-05,یکشنبه,2025-10,49,27,120,540,540,300,1350,1350,50,28,140,560,560,350,1400,1400
2025-10-06,دوشنبه,2025-10,46,26,500,500,500,1250,1250,1250,51,30,580,580,580,1450,1450,1450
2025-10-07,سه‌شنبه,2025-10,49,32,380,660,660,950,1650,1650,53,33,340,620,620,850,1550,1550
2025-10-08,چهارشنبه,2025-10,43,23,180,160,460,450,400,1150,46,23,240,220,-100,600,550,-250
2025-10-09,پنج‌شنبه,2025-10,65,30,40,0,-20,100,0,-50,65,30,40,0,-20,100,0,-50
2025-10-10,جمعه,2025-10,74,40,220,180,780,550,450,1950,77,42,140,240,840,350,600,2100
2025-10-11,شنبه,2025-10,43,25,240,220,520,600,550,1300,50,27,120,240,540,300,600,1350
2025-10-12,یکشنبه,2025-10,50,32,500,340,640,1250,850,1600,52,33,500,340,640,1250,850,1600
2025-10-13,دوشنبه,2025-10,41,23,320,160,-160,800,400,-400,42,24,360,200,-120,900,500,-300
2025-10-14,سه‌شنبه,2025-10,74,34,-160,380,60,-400,950,150,76,35,0,400,80,0,1000,200
2025-10-15,چهارشنبه,2025-10,54,29,440,280,580,1100,700,1450,56,30,460,300,-20,1150,750,-50
2025-10-16,پنج‌شنبه,2025-10,69,40,380,500,180,950,1250,450,70,40,380,500,180,950,1250,450
2025-10-17,جمعه,2025-10,68,32,-340,-260,-600,-850,-650,-1500,71,33,-320,-240,-580,-800,-600,-1450
2025-10-18,شنبه,2025-10,33,22,300,140,440,750,350,1100,34,23,320,160,460,800,400,1150
2025-10-19,یکشنبه,2025-10,68,38,460,440,120,1150,1100,300,72,41,660,500,800,1650,1250,2000
2025-10-20,دوشنبه,2025-10,58,32,40,300,-20,100,750,-50,58,32,40,300,-20,100,750,-50
2025-10-21,سه‌شنبه,2025-10,68,40,140,240,840,350,600,2100,69,41,160,260,860,400,650,2150
2025-10-22,چهارشنبه,2025-10,43,21,-40,-220,-240,-100,-550,-600,49,25,80,-100,-120,200,-250,-300
2025-10-23,پنج‌شنبه,2025-10,37,22,220,200,500,550,500,1250,38,23,340,180,480,850,450,1200
2025-10-24,جمعه,2025-10,36,19,380,380,380,950,950,950,41,23,460,460,460,1150,1150,1150
2025-10-25,شنبه,2025-10,47,28,400,240,-80,1000,600,-200,47,28,400,240,-80,1000,600,-200
2025-10-26,یکشنبه,2025-10,55,32,240,-240,40,600,-600,100,59,35,300,-180,100,750,-450,250
2025-10-27,دوشنبه,2025-10,52,32,220,340,20,550,850,50,56,34,260,380,60,650,950,150
2025-10-28,سه‌شنبه,2025-10,57,34,540,380,680,1350,950,1700,59,36,580,420,720,1450,1050,1800
2025-10-29,چهارشنبه,2025-10,57,29,140,-40,560,350,-100,1400,59,29,140,-40,560,350,-100,1400
2025-10-30,پنج‌شنبه,2025-10,65,31,-480,-260,-600,-1200,-650,-1500,67,32,-460,-540,-580,-1150,-1350,-1450
2025-10-31,جمعه,2025-10,40,24,180,460,460,450,1150,1150,40,24,180,460,460,450,1150,1150
2025-11-01,شنبه,2025-11,41,29,460,300,600,1150,750,1500,42,30,480,320,620,1200,800,1550
2025-11-02,یکشنبه,2025-11,74,35,-140,-640,560,-350,-1600,1400,74,35,-140,-640,560,-350,-1600,1400
2025-11-03,دوشنبه,2025-11,60,34,400,520,200,1000,1300,500,60,34,400,520,200,1000,1300,500
2025-11-04,سه‌شنبه,2025-11,65,32,-80,320,0,-200,800,0,68,34,-40,60,40,-100,150,100
2025-11-05,چهارشنبه,2025-11,37,23,200,180,480,500,450,1200,40,26,260,240,540,650,600,1350
2025-11-06,پنج‌شنبه,2025-11,46,29,300,280,580,750,700,1450,46,29,300,280,580,750,700,1450
2025-11-07,جمعه,2025-11,53,29,160,-20,580,400,-50,1450,60,33,240,60,660,600,150,1650
2025-11-08,شنبه,2025-11,40,25,340,180,480,850,450,1200,45,28,400,240,540,1000,600,1350
2025-11-09,یکشنبه,2025-11,73,31,-200,-860,-1220,-500,-2150,-3050,73,31,-200,-860,-1220,-500,-2150,-3050
2025-11-10,دوشنبه,2025-11,47,34,540,380,680,1350,950,1700,47,34,540,380,680,1350,950,1700
2025-11-11,سه‌شنبه,2025-11,32,18,220,60,360,550,150,900,32,18,220,60,360,550,150,900
2025-11-12,چهارشنبه,2025-11,60,27,-160,-360,-700,-400,-900,-1750,61,28,-140,-340,-680,-350,-850,-1700
2025-11-13,پنج‌شنبه,2025-11,58,30,-100,-600,-640,-250,-1500,-1600,60,30,-240,-900,-640,-600,-2250,-1600
2025-11-14,جمعه,2025-11,35,17,60,40,340,150,100,850,42,20,-20,-200,400,-50,-500,1000
2025-11-15,شنبه,2025-11,38,22,20,440,440,50,1100,1100,38,22,20,440,440,50,1100,1100
2025-11-16,یکشنبه,2025-11,58,32,640,640,640,1600,1600,1600,58,32,640,640,640,1600,1600,1600
2025-11-17,دوشنبه,2025-11,47,23,120,100,-220,300,250,-550,51,24,0,120,-200,0,300,-500
2025-11-18,سه‌شنبه,2025-11,37,20,40,-140,-160,100,-350,-400,37,20,40,-140,-160,100,-350,-400
2025-11-19,چهارشنبه,2025-11,57,31,200,320,620,500,800,1550,59,32,220,340,640,550,850,1600
2025-11-20,پنج‌شنبه,2025-11,57,31,60,-280,0,150,-700,0,58,32,80,-260,20,200,-650,50
2025-11-21,جمعه,2025-11,51,23,-100,160,-160,-250,400,-400,52,23,-240,160,-160,-600,400,-400
2025-11-22,شنبه,2025-11,48,27,260,540,540,650,1350,1350,49,28,280,560,560,700,1400,1400
2025-11-23,یکشنبه,2025-11,66,32,80,40,20,200,100,50,69,35,140,400,700,350,1000,1750
2025-11-24,دوشنبه,2025-11,46,22,20,-160,440,50,-400,1100,49,24,60,-120,480,150,-300,1200
2025-11-25,سه‌شنبه,2025-11,58,35,420,700,700,1050,1750,1750,61,36,300,720,720,750,1800,1800
2025-11-26,چهارشنبه,2025-11,48,29,300,-20,-40,750,-50,-100,51,31,340,20,0,850,50,0
2025-11-27,پنج‌شنبه,2025-11,41,23,40,160,460,100,400,1150,44,25,80,-100,500,200,-250,1250
2025-11-28,جمعه,2025-11,60,26,-180,-80,-720,-450,-200,-1800,61,27,-160,-60,-700,-400,-150,-1750
2025-11-29,شنبه,2025-11,51,24,40,460,460,100,1150,1150,52,24,-100,460,460,-250,1150,1150
2025-11-30,یکشنبه,2025-11,78,30,-640,-280,-620,-1600,-700,-1550,79,30,-640,-280,-620,-1600,-700,-1550
2025-12-01,دوشنبه,2025-12,48,26,40,160,-160,100,400,-400,55,30,-20,240,-80,-50,600,-200
2025-12-02,سه‌شنبه,2025-12,67,29,-340,-560,-600,-850,-1400,-1500,69,30,-320,-540,-1200,-800,-1350,-3000
2025-12-03,چهارشنبه,2025-12,38,25,500,500,500,1250,1250,1250,41,28,560,560,560,1400,1400,1400
2025-12-04,پنج‌شنبه,2025-12,47,29,300,580,580,750,1450,1450,50,31,340,620,620,850,1550,1550
2025-12-05,جمعه,2025-12,53,28,0,260,-60,0,650,-150,53,28,0,260,-60,0,650,-150
2025-12-06,شنبه,2025-12,48,28,400,540,540,1000,1350,1350,49,28,400,540,540,1000,1350,1350
2025-12-07,یکشنبه,2025-12,82,46,360,320,920,900,800,2300,85,47,240,340,940,600,850,2350
2025-12-08,دوشنبه,2025-12,40,24,200,480,480,500,1200,1200,41,25,220,500,500,550,1250,1250
2025-12-09,سه‌شنبه,2025-12,71,41,420,540,840,1050,1350,2100,71,41,420,540,840,1050,1350,2100
2025-12-10,چهارشنبه,2025-12,55,30,320,300,-20,800,750,-50,58,31,200,320,0,500,800,0
2025-12-11,پنج‌شنبه,2025-12,61,34,200,320,0,500,800,0,62,35,220,340,20,550,850,50
2025-12-12,جمعه,2025-12,48,25,0,-340,-60,0,-850,-150,51,27,40,-300,-20,100,-750,-50
2025-12-13,شنبه,2025-12,49,26,100,-80,520,250,-200,1300,50,26,100,-80,-100,250,-200,-250
2025-12-14,یکشنبه,2025-12,81,46,360,320,300,900,800,750,81,46,360,320,300,900,800,750
2025-12-15,دوشنبه,2025-12,36,18,-60,360,360,-150,900,900,37,19,-40,380,380,-100,950,950
2025-12-16,سه‌شنبه,2025-12,57,30,40,600,600,100,1500,1500,57,30,40,600,600,100,1500,1500
2025-12-17,چهارشنبه,2025-12,73,34,-20,-220,-560,-50,-550,-1400,74,35,0,-200,-540,0,-500,-1350
2025-12-18,پنج‌شنبه,2025-12,70,40,240,200,180,600,500,450,73,41,120,220,200,300,550,500
2025-12-19,جمعه,2025-12,37,21,140,420,420,350,1050,1050,38,22,160,440,440,400,1100,1100
2025-12-20,شنبه,2025-12,52,36,580,720,720,1450,1800,1800,53,36,580,720,720,1450,1800,1800
2025-12-21,یکشنبه,2025-12,70,36,20,120,100,50,300,250,70,36,20,120,100,50,300,250
2025-12-22,دوشنبه,2025-12,47,27,260,240,540,650,600,1350,47,27,260,240,540,650,600,1350
2025-12-23,سه‌شنبه,2025-12,49,27,260,540,540,650,1350,1350,50,28,280,560,560,700,1400,1400
2025-12-24,چهارشنبه,2025-12,38,27,540,540,540,1350,1350,1350,41,28,560,560,560,1400,1400,1400
2025-12-25,پنج‌شنبه,2025-12,70,40,360,480,780,900,1200,1950,70,40,360,480,780,900,1200,1950
2025-12-26,جمعه,2025-12,34,15,-100,-280,-920,-250,-700,-2300,37,17,-60,-240,-260,-150,-600,-650
2025-12-27,شنبه,2025-12,52,33,520,660,660,1300,1650,1650,54,34,540,680,680,1350,1700,1700
2025-12-28,یکشنبه,2025-12,83,41,120,-80,200,300,-200,500,84,42,140,-60,220,350,-150,550
2025-12-29,دوشنبه,2025-12,49,27,120,240,540,300,600,1350,50,27,120,240,540,300,600,1350
2025-12-30,سه‌شنبه,2025-12,57,28,0,-40,560,0,-100,1400,58,29,20,-20,580,50,-50,1450
2025-12-31,چهارشنبه,2025-12,54,25,-200,-400,-740,-500,-1000,-1850,57,27,-160,-360,-700,-400,-900,-1750
2026-01-01,پنج‌شنبه,2026-01,70,35,140,100,80,350,250,200,70,35,140,100,80,350,250,200
2026-01-02,جمعه,2026-01,60,33,-40,360,40,-100,900,100,61,34,-20,380,60,-50,950,150
2026-01-03,شنبه,2026-01,68,38,60,460,760,150,1150,1900,70,39,80,480,780,200,1200,1950
2026-01-04,یکشنبه,2026-01,47,30,460,300,600,1150,750,1500,48,31,480,320,620,1200,800,1550
2026-01-05,دوشنبه,2026-01,60,33,240,360,660,600,900,1650,62,35,280,400,700,700,1000,1750
2026-01-06,سه‌شنبه,2026-01,68,30,-260,-320,-1280,-650,-800,-3200,68,30,-260,-320,-1280,-650,-800,-3200
2026-01-07,چهارشنبه,2026-01,67,33,260,80,60,650,200,150,67,33,260,80,60,650,200,150
2026-01-08,پنج‌شنبه,2026-01,68,30,-260,-20,-40,-650,-50,-100,68,30,-260,-20,-40,-650,-50,-100
2026-01-09,جمعه,2026-01,48,28,160,580,580,400,1450,1450,48,28,160,580,580,400,1450,1450
2026-01-10,شنبه,2026-01,52,27,240,-80,520,600,-200,1300,56,30,300,-20,580,750,-50,1450
2026-01-11,یکشنبه,2026-01,88,50,460,360,-240,1150,900,-600,89,50,460,360,-240,1150,900,-600
2026-01-12,دوشنبه,2026-01,46,24,60,240,-120,150,600,-300,50,27,260,300,-60,650,750,-150
2026-01-13,سه‌شنبه,2026-01,54,28,-20,-60,-80,-50,-150,-200,55,28,-160,-60,-80,-400,-150,-200
2026-01-14,چهارشنبه,2026-01,61,35,300,120,100,750,300,250,64,38,360,180,160,900,450,400
2026-01-15,پنج‌شنبه,2026-01,40,25,360,500,500,900,1250,1250,41,26,380,520,520,950,1300,1300
2026-01-16,جمعه,2026-01,41,25,340,480,480,850,1200,1200,45,26,240,380,380,600,950,950
2026-01-17,شنبه,2026-01,66,39,520,800,800,1300,2000,2000,69,41,540,960,960,1350,2400,2400
2026-01-18,یکشنبه,2026-01,63,31,60,-280,-1240,150,-700,-3100,64,31,-80,-280,-1240,-200,-700,-3100
2026-01-19,دوشنبه,2026-01,50,25,220,200,500,550,500,1250,52,27,260,240,540,650,600,1350
2026-01-20,سه‌شنبه,2026-01,52,32,360,340,640,900,850,1600,52,32,360,340,640,900,850,1600
2026-01-21,چهارشنبه,2026-01,71,32,80,-260,-600,200,-650,-1500,71,32,80,-260,-600,200,-650,-1500
2026-01-22,پنج‌شنبه,2026-01,39,25,500,500,500,1250,1250,1250,40,26,520,520,520,1300,1300,1300
2026-01-23,جمعه,2026-01,50,27,380,520,520,950,1300,1300,53,29,440,580,580,1100,1450,1450
2026-01-24,شنبه,2026-01,65,29,-440,-60,-80,-1100,-150,-200,66,29,-460,-80,-100,-1150,-200,-250
2026-01-25,یکشنبه,2026-01,76,39,260,-80,200,650,-200,500,77,39,120,-80,200,300,-200,500
2026-01-26,دوشنبه,2026-01,66,40,680,820,820,1700,2050,2050,66,40,680,820,820,1700,2050,2050
2026-01-27,سه‌شنبه,2026-01,64,32,80,340,20,200,850,50,69,34,120,380,60,300,950,150
2026-01-28,چهارشنبه,2026-01,65,33,240,360,40,600,900,100,67,35,280,400,700,700,1000,1750
2026-01-29,پنج‌شنبه,2026-01,63,26,-600,-1280,-100,-1500,-3200,-250,66,27,-580,-1560,-700,-1450,-3900,-1750
2026-01-30,جمعه,2026-01,39,26,380,220,520,950,550,1300,40,26,380,220,520,950,550,1300
2026-01-31,شنبه,2026-01,67,36,-120,-180,-520,-300,-450,-1300,67,36,-120,-180,-520,-300,-450,-1300
2026-02-01,یکشنبه,2026-02,55,31,340,320,620,850,800,1550,63,34,-20,380,60,-50,950,150
2026-02-02,دوشنبه,2026-02,41,25,200,180,480,500,450,1200,41,25,200,180,480,500,450,1200
2026-02-03,سه‌شنبه,2026-02,62,31,-60,40,640,-150,100,1600,62,31,-60,40,640,-150,100,1600
2026-02-04,چهارشنبه,2026-02,55,33,520,660,660,1300,1650,1650,57,35,560,700,700,1400,1750,1750
2026-02-05,پنج‌شنبه,2026-02,76,36,-120,-480,100,-300,-1200,250,76,36,-120,-480,100,-300,-1200,250
2026-02-06,جمعه,2026-02,32,15,20,-300,300,50,-750,750,38,20,120,100,400,300,250,1000
2026-02-07,شنبه,2026-02,43,26,380,220,520,950,550,1300,45,27,400,240,540,1000,600,1350
2026-02-08,یکشنبه,2026-02,50,28,420,260,-60,1050,650,-150,50,28,420,260,-60,1050,650,-150
2026-02-09,دوشنبه,2026-02,50,24,180,460,460,450,1150,1150,53,25,60,480,480,150,1200,1200
2026-02-10,سه‌شنبه,2026-02,56,34,420,400,700,1050,1000,1750,56,34,420,400,700,1050,1000,1750
2026-02-11,چهارشنبه,2026-02,61,37,320,740,740,800,1850,1850,65,40,380,800,800,950,2000,2000
2026-02-12,پنج‌شنبه,2026-02,48,30,460,300,600,1150,750,1500,50,32,500,340,640,1250,850,1600
2026-02-13,جمعه,2026-02,40,23,320,460,460,800,1150,1150,40,23,320,460,460,800,1150,1150
2026-02-14,شنبه,2026-02,65,29,20,-460,440,50,-1150,1100,65,29,20,-460,440,50,-1150,1100
2026-02-15,یکشنبه,2026-02,43,23,300,280,-40,750,700,-100,43,23,300,280,-40,750,700,-100
2026-02-16,دوشنبه,2026-02,54,27,0,-40,-60,0,-100,-150,55,28,20,-20,-40,50,-50,-100
2026-02-17,سه‌شنبه,2026-02,58,34,120,80,680,300,200,1700,60,36,160,120,720,400,300,1800
2026-02-18,چهارشنبه,2026-02,45,29,420,560,560,1050,1400,1400,46,30,440,580,580,1100,1450,1450
2026-02-19,پنج‌شنبه,2026-02,50,28,580,580,580,1450,1450,1450,56,30,480,620,620,1200,1550,1550
2026-02-20,جمعه,2026-02,58,36,440,720,720,1100,1800,1800,58,36,440,720,720,1100,1800,1800
2026-02-21,شنبه,2026-02,60,29,160,-20,-40,400,-50,-100,61,30,180,0,-20,450,0,-50
2026-02-22,یکشنبه,2026-02,66,32,80,-260,-600,200,-650,-1500,69,33,-40,60,-580,-100,150,-1450
2026-02-23,دوشنبه,2026-02,38,18,-60,-240,-260,-150,-600,-650,41,21,0,-180,-200,0,-450,-500
2026-02-24,سه‌شنبه,2026-02,48,28,420,560,560,1050,1400,1400,48,28,420,560,560,1050,1400,1400
2026-02-25,چهارشنبه,2026-02,70,37,460,440,740,1150,1100,1850,72,38,340,460,760,850,1150,1900
2026-02-26,پنج‌شنبه,2026-02,41,25,300,440,440,750,1100,1100,41,25,300,440,440,750,1100,1100
2026-02-27,جمعه,2026-02,57,34,600,740,740,1500,1850,1850,57,34,600,740,740,1500,1850,1850
2026-02-28,شنبه,2026-02,62,38,340,760,760,850,1900,1900,62,38,340,760,760,850,1900,1900
2026-03-01,یکشنبه,2026-03,59,32,220,340,640,550,850,1600,60,33,240,360,660,600,900,1650
2026-03-02,دوشنبه,2026-03,43,22,20,-160,-180,50,-400,-450,46,24,60,-120,-140,150,-300,-350
2026-03-03,سه‌شنبه,2026-03,60,30,320,300,-20,800,750,-50,60,30,320,300,-20,800,750,-50
2026-03-04,چهارشنبه,2026-03,57,28,-140,-340,-60,-350,-850,-150,61,30,-100,-300,-20,-250,-750,-50
2026-03-05,پنج‌شنبه,2026-03,55,26,-40,-380,520,-100,-950,1300,57,28,0,-340,560,0,-850,1400
2026-03-06,جمعه,2026-03,49,25,-60,200,-120,-150,500,-300,55,27,-20,240,-80,-50,600,-200
2026-03-07,شنبه,2026-03,62,37,460,140,120,1150,350,300,62,37,460,140,120,1150,350,300
2026-03-08,یکشنبه,2026-03,91,45,40,-20,260,100,-50,650,94,46,60,-300,280,150,-750,700
2026-03-09,دوشنبه,2026-03,55,21,-680,-460,-180,-1700,-1150,-450,58,24,-480,-100,-120,-1200,-250,-300
2026-03-10,سه‌شنبه,2026-03,42,26,240,220,-100,600,550,-250,45,27,260,240,-80,650,600,-200
2026-03-11,چهارشنبه,2026-03,56,33,380,660,660,950,1650,1650,58,34,400,680,680,1000,1700,1700
2026-03-12,پنج‌شنبه,2026-03,70,33,240,-240,-580,600,-600,-1450,72,35,280,-200,-540,700,-500,-1350
2026-03-13,جمعه,2026-03,58,29,-120,-320,-660,-300,-800,-1650,60,31,-80,-280,-620,-200,-700,-1550
2026-03-14,شنبه,2026-03,79,42,280,240,-400,700,600,-1000,79,42,280,240,-400,700,600,-1000
2026-03-15,یکشنبه,2026-03,87,48,120,660,340,300,1650,850,87,48,120,660,340,300,1650,850
2026-03-16,دوشنبه,2026-03,48,31,340,320,0,850,800,0,49,31,340,320,0,850,800,0
2026-03-17,سه‌شنبه,2026-03,35,19,100,380,380,250,950,950,36,20,120,400,400,300,1000,1000
2026-03-18,چهارشنبه,2026-03,60,32,80,340,640,200,850,1600,60,32,80,340,640,200,850,1600
2026-03-19,پنج‌شنبه,2026-03,70,39,300,120,720,750,300,1800,70,39,300,120,720,750,300,1800
2026-03-20,جمعه,2026-03,63,33,20,120,-520,50,300,-1300,64,34,40,140,-500,100,350,-1250
2026-03-21,شنبه,2026-03,72,42,560,840,840,1400,2100,2100,74,44,600,880,880,1500,2200,2200
2026-03-22,یکشنبه,2026-03,54,36,440,420,720,1100,1050,1800,54,36,440,420,720,1100,1050,1800
2026-03-23,دوشنبه,2026-03,45,28,260,540,540,650,1350,1350,47,28,120,540,540,300,1350,1350
2026-03-24,سه‌شنبه,2026-03,60,35,160,420,720,400,1050,1800,62,36,180,440,740,450,1100,1850
2026-03-25,چهارشنبه,2026-03,56,30,180,300,-20,450,750,-50,58,32,220,340,20,550,850,50
2026-03-26,پنج‌شنبه,2026-03,55,30,300,580,580,750,1450,1450,56,30,300,580,580,750,1450,1450
2026-03-27,جمعه,2026-03,63,33,120,80,-560,300,200,-1400,64,33,120,80,-560,300,200,-1400
2026-03-28,شنبه,2026-03,63,38,620,760,760,1550,1900,1900,64,38,620,760,760,1550,1900,1900
2026-03-29,یکشنبه,2026-03,74,44,460,280,880,1150,700,2200,74,44,460,280,880,1150,700,2200
2026-03-30,دوشنبه,2026-03,56,33,360,640,640,900,1600,1600,61,36,420,700,700,1050,1750,1750
2026-03-31,سه‌شنبه,2026-03,52,31,360,340,640,900,850,1600,52,31,360,340,640,900,850,1600
2026-04-01,چهارشنبه,2026-04,71,33,-180,-240,40,-450,-600,100,73,35,-140,-200,80,-350,-500,200
2026-04-02,پنج‌شنبه,2026-04,41,23,20,140,440,50,350,1100,43,25,60,180,480,150,450,1200
2026-04-03,جمعه,2026-04,33,27,560,560,560,1400,1400,1400,33,27,560,560,560,1400,1400,1400
2026-04-04,شنبه,2026-04,58,34,260,380,60,650,950,150,58,34,260,380,60,650,950,150
2026-04-05,یکشنبه,2026-04,80,49,700,680,980,1750,1700,2450,80,49,700,680,980,1750,1700,2450
2026-04-06,دوشنبه,2026-04,56,29,-120,-320,-40,-300,-800,-100,56,29,-120,-320,-40,-300,-800,-100
2026-04-07,سه‌شنبه,2026-04,78,38,-80,160,-480,-200,400,-1200,78,38,-80,160,-480,-200,400,-1200
2026-04-08,چهارشنبه,2026-04,47,28,280,260,560,700,650,1400,49,29,300,280,580,750,700,1450
2026-04-09,پنج‌شنبه,2026-04,60,37,440,420,720,1100,1050,1800,61,38,480,460,760,1200,1150,1900
2026-04-10,جمعه,2026-04,47,25,-40,220,-100,-100,550,-250,51,27,120,240,-80,300,600,-200
2026-04-11,شنبه,2026-04,55,32,340,620,620,850,1550,1550,55,32,340,620,620,850,1550,1550
2026-04-12,یکشنبه,2026-04,51,25,-180,220,-100,-450,550,-250,51,25,-180,220,-100,-450,550,-250
2026-04-13,دوشنبه,2026-04,55,28,140,-40,-60,350,-100,-150,57,30,320,0,-20,800,0,-50
2026-04-14,سه‌شنبه,2026-04,62,38,620,760,760,1550,1900,1900,63,39,640,780,780,1600,1950,1950
2026-04-15,چهارشنبه,2026-04,50,31,480,320,620,1200,800,1550,54,31,480,320,620,1200,800,1550
2026-04-16,پنج‌شنبه,2026-04,41,21,120,400,400,300,1000,1000,44,24,180,460,460,450,1150,1150
2026-04-17,جمعه,2026-04,62,25,-600,-680,-720,-1500,-1700,-1800,65,27,-560,-640,-680,-1400,-1600,-1700
2026-04-18,شنبه,2026-04,57,35,560,700,700,1400,1750,1750,59,36,580,720,720,1450,1800,1800
2026-04-19,یکشنبه,2026-04,76,39,-60,780,780,-150,1950,1950,77,39,-60,480,780,-150,1200,1950
2026-04-20,دوشنبه,2026-04,59,36,440,720,720,1100,1800,1800,63,39,500,780,780,1250,1950,1950
2026-04-21,سه‌شنبه,2026-04,66,40,660,800,800,1650,2000,2000,68,41,680,820,820,1700,2050,2050
2026-04-22,چهارشنبه,2026-04,44,28,280,-40,560,700,-100,1400,45,29,300,-20,580,750,-50,1450
2026-04-23,پنج‌شنبه,2026-04,58,31,320,600,600,800,1500,1500,59,32,340,620,620,850,1550,1550
2026-04-24,جمعه,2026-04,39,26,400,540,540,1000,1350,1350,39,26,400,540,540,1000,1350,1350
2026-04-25,شنبه,2026-04,71,44,600,280,260,1500,700,650,72,45,620,300,280,1550,750,700
2026-04-26,یکشنبه,2026-04,73,44,580,560,860,1450,1400,2150,74,45,600,580,880,1500,1450,2200
2026-04-27,دوشنبه,2026-04,48,20,-420,-180,-200,-1050,-450,-500,49,20,-420,-180,-820,-1050,-450,-2050
2026-04-28,سه‌شنبه,2026-04,47,26,100,-380,-100,250,-950,-250,49,27,120,-60,-80,300,-150,-200
2026-04-29,چهارشنبه,2026-04,61,31,200,320,620,500,800,1550,64,33,240,360,660,600,900,1650
2026-04-30,پنج‌شنبه,2026-04,45,28,400,540,540,1000,1350,1350,47,29,420,560,560,1050,1400,1400
2026-05-01,جمعه,2026-05,59,29,-240,0,-640,-600,0,-1600,61,29,-240,-300,-640,-600,-750,-1600
2026-05-02,شنبه,2026-05,66,35,280,100,80,700,250,200,70,39,360,180,160,900,450,400
2026-05-03,یکشنبه,2026-05,66,40,520,500,800,1300,1250,2000,67,41,540,520,820,1350,1300,2050
2026-05-04,دوشنبه,2026-05,55,29,-120,-20,-40,-300,-50,-100,56,29,-120,-20,-40,-300,-50,-100
2026-05-05,سه‌شنبه,2026-05,51,28,280,560,560,700,1400,1400,51,28,280,560,560,700,1400,1400
2026-05-06,چهارشنبه,2026-05,64,34,260,380,60,650,950,150,64,34,260,380,60,650,950,150
2026-05-07,پنج‌شنبه,2026-05,52,32,360,640,640,900,1600,1600,52,32,360,640,640,900,1600,1600
2026-05-08,جمعه,2026-05,49,26,-40,220,-100,-100,550,-250,52,29,20,280,-40,50,700,-100
2026-05-09,شنبه,2026-05,50,31,200,620,620,500,1550,1550,50,31,200,620,620,500,1550,1550
2026-05-10,یکشنبه,2026-05,70,37,320,440,120,800,1100,300,70,37,320,440,120,800,1100,300
2026-05-11,دوشنبه,2026-05,30,19,220,360,360,550,900,900,34,21,260,400,400,650,1000,1000
2026-05-12,سه‌شنبه,2026-05,50,29,40,300,600,100,750,1500,52,31,220,340,640,550,850,1600
2026-05-13,چهارشنبه,2026-05,71,31,-640,-880,-620,-1600,-2200,-1550,71,31,-640,-880,-620,-1600,-2200,-1550
2026-05-14,پنج‌شنبه,2026-05,71,39,80,-120,-1080,200,-300,-2700,72,40,240,-100,-1060,600,-250,-2650
2026-05-15,جمعه,2026-05,32,19,80,60,-260,200,150,-650,33,20,100,80,-240,250,200,-600
2026-05-16,شنبه,2026-05,56,35,420,700,700,1050,1750,1750,56,35,420,700,700,1050,1750,1750
2026-05-17,یکشنبه,2026-05,81,39,100,-100,180,250,-250,450,82,40,120,-80,200,300,-200,500
2026-05-18,دوشنبه,2026-05,50,33,380,360,660,950,900,1650,50,33,380,360,660,950,900,1650
2026-05-19,سه‌شنبه,2026-05,52,32,500,340,640,1250,850,1600,56,33,380,60,660,950,150,1650
2026-05-20,چهارشنبه,2026-05,57,36,580,720,720,1450,1800,1800,63,38,620,760,760,1550,1900,1900
2026-05-21,پنج‌شنبه,2026-05,54,29,300,280,-40,750,700,-100,54,29,300,280,-40,750,700,-100
2026-05-22,جمعه,2026-05,65,35,420,400,700,1050,1000,1750,69,38,480,460,760,1200,1150,1900
2026-05-23,شنبه,2026-05,70,32,-220,-280,-1240,-550,-700,-3100,74,35,-20,-220,-1180,-50,-550,-2950
2026-05-24,یکشنبه,2026-05,65,37,340,760,760,850,1900,1900,65,37,340,760,760,850,1900,1900
2026-05-25,دوشنبه,2026-05,56,38,600,740,740,1500,1850,1850,57,38,600,740,740,1500,1850,1850
2026-05-26,سه‌شنبه,2026-05,62,35,-120,120,100,-300,300,250,63,35,-120,-180,100,-300,-450,250
2026-05-27,چهارشنبه,2026-05,82,38,-220,-140,-480,-550,-350,-1200,84,38,-360,-440,-480,-900,-1100,-1200
2026-05-28,پنج‌شنبه,2026-05,50,26,240,220,-100,600,550,-250,51,27,260,240,-80,650,600,-200
2026-05-29,جمعه,2026-05,67,33,-60,40,20,-150,100,50,71,35,-20,80,60,-50,200,150
2026-05-30,شنبه,2026-05,74,40,-20,520,200,-50,1300,500,77,42,20,560,240,50,1400,600
2026-05-31,یکشنبه,2026-05,73,44,460,580,880,1150,1450,2200,79,46,500,620,920,1250,1550,2300
2026-06-01,دوشنبه,2026-06,75,39,-60,180,-460,-150,450,-1150,76,40,-40,200,-440,-100,500,-1100
2026-06-02,سه‌شنبه,2026-06,66,32,-120,280,-40,-300,700,-100,69,33,-180,60,40,-450,150,100
2026-06-03,چهارشنبه,2026-06,75,38,120,520,820,300,1300,2050,77,40,100,500,800,250,1250,2000
2026-06-04,پنج‌شنبه,2026-06,39,25,500,500,500,1250,1250,1250,40,26,520,520,520,1300,1300,1300
2026-06-05,جمعه,2026-06,56,29,-260,-320,-40,-650,-800,-100,57,29,-260,-320,-40,-650,-800,-100
2026-06-06,شنبه,2026-06,40,24,200,180,-140,500,450,-350,46,25,220,200,-120,550,500,-300
2026-06-07,یکشنبه,2026-06,56,24,-220,-120,-140,-550,-300,-350,59,26,-180,-80,-100,-450,-200,-250
2026-06-08,دوشنبه,2026-06,45,31,480,620,620,1200,1550,1550,47,33,520,660,660,1300,1650,1650
2026-06-09,سه‌شنبه,2026-06,49,24,-80,-120,-140,-200,-300,-350,49,24,-80,-120,-140,-200,-300,-350
2026-06-10,چهارشنبه,2026-06,48,32,360,340,640,900,850,1600,52,35,420,400,700,1050,1000,1750
2026-06-11,پنج‌شنبه,2026-06,46,26,240,520,520,600,1300,1300,46,26,240,520,520,600,1300,1300
2026-06-12,جمعه,2026-06,60,26,-180,-80,520,-450,-200,1300,62,27,-160,-60,540,-400,-150,1350
2026-06-13,شنبه,2026-06,56,34,400,380,680,1000,950,1700,56,34,400,380,680,1000,950,1700
2026-06-14,یکشنبه,2026-06,93,53,500,460,-180,1250,1150,-450,96,54,520,480,-160,1300,1200,-400
2026-06-15,دوشنبه,2026-06,62,32,60,20,620,150,50,1550,62,32,60,20,620,150,50,1550
2026-06-16,سه‌شنبه,2026-06,48,32,520,660,660,1300,1650,1650,49,33,540,680,680,1350,1700,1700
2026-06-17,چهارشنبه,2026-06,77,34,-300,-520,60,-750,-1300,150,79,34,-320,-540,40,-800,-1350,100
2026-06-18,پنج‌شنبه,2026-06,53,24,-220,-720,480,-550,-1800,1200,55,26,-20,-660,540,-50,-1650,1350
2026-06-19,جمعه,2026-06,36,22,440,440,440,1100,1100,1100,38,23,460,460,460,1150,1150,1150
2026-06-20,شنبه,2026-06,48,32,640,640,640,1600,1600,1600,49,33,660,660,660,1650,1650,1650
2026-06-21,یکشنبه,2026-06,89,46,220,20,300,550,50,750,90,46,220,20,300,550,50,750
2026-06-22,دوشنبه,2026-06,45,24,60,-120,480,150,-300,1200,48,27,120,-60,540,300,-150,1350
2026-06-23,سه‌شنبه,2026-06,44,31,340,620,620,850,1550,1550,50,35,420,700,700,1050,1750,1750
2026-06-24,چهارشنبه,2026-06,62,26,-60,-400,-740,-150,-1000,-1850,63,27,-40,-380,-720,-100,-950,-1800
2026-06-25,پنج‌شنبه,2026-06,67,31,80,-260,-1220,200,-650,-3050,71,33,-20,-220,-1180,-50,-550,-2950
2026-06-26,جمعه,2026-06,42,23,180,160,460,450,400,1150,47,26,100,220,520,250,550,1300
2026-06-27,شنبه,2026-06,55,31,200,620,620,500,1550,1550,56,32,220,640,640,550,1600,1600
2026-06-28,یکشنبه,2026-06,91,57,860,1140,1140,2150,2850,2850,91,57,860,1140,1140,2150,2850,2850
2026-06-29,دوشنبه,2026-06,48,24,-80,120,-160,-200,300,-400,53,26,-180,160,-120,-450,400,-300
2026-06-30,سه‌شنبه,2026-06,63,31,200,380,640,500,950,1600,64,31,60,380,640,150,950,1600
2026-07-01,چهارشنبه,2026-07,70,40,240,200,800,600,500,2000,77,42,140,-60,840,350,-150,2100
2026-07-02,پنج‌شنبه,2026-07,48,30,180,600,600,450,1500,1500,51,32,220,640,640,550,1600,1600
2026-07-03,جمعه,2026-07,48,30,320,300,-20,800,750,-50,50,31,200,320,0,500,800,0
2026-07-04,شنبه,2026-07,50,28,280,260,-60,700,650,-150,51,29,300,280,-40,750,700,-100
2026-07-05,یکشنبه,2026-07,66,39,360,480,160,900,1200,400,71,41,400,220,200,1000,550,500
2026-07-06,دوشنبه,2026-07,62,31,200,320,620,500,800,1550,63,32,220,640,640,550,1600,1600
2026-07-07,سه‌شنبه,2026-07,55,35,280,400,700,700,1000,1750,55,35,280,400,700,700,1000,1750
2026-07-08,چهارشنبه,2026-07,42,21,-140,120,-200,-350,300,-500,42,21,-140,120,-200,-350,300,-500
2026-07-09,پنج‌شنبه,2026-07,45,29,440,580,580,1100,1450,1450,48,30,460,600,600,1150,1500,1500
2026-07-10,جمعه,2026-07,44,23,180,160,460,450,400,1150,46,25,220,200,500,550,500,1250
2026-07-11,شنبه,2026-07,52,34,480,620,620,1200,1550,1550,52,34,480,620,620,1200,1550,1550
2026-07-12,یکشنبه,2026-07,67,38,240,800,800,600,2000,2000,70,39,260,520,200,650,1300,500
2026-07-13,دوشنبه,2026-07,62,35,300,420,720,750,1050,1800,69,38,360,480,780,900,1200,1950
2026-07-14,سه‌شنبه,2026-07,49,30,460,300,600,1150,750,1500,51,32,500,340,640,1250,850,1600
2026-07-15,چهارشنبه,2026-07,53,29,300,280,-40,750,700,-100,53,29,300,280,-40,750,700,-100
2026-07-16,پنج‌شنبه,2026-07,63,33,240,360,40,600,900,100,64,34,260,380,60,650,950,150
2026-07-17,جمعه,2026-07,58,28,-140,260,-60,-350,650,-150,59,29,-120,280,-40,-300,700,-100
2026-07-18,شنبه,2026-07,74,39,-60,-120,-460,-150,-300,-1150,75,39,-60,-120,-460,-150,-300,-1150
2026-07-19,یکشنبه,2026-07,64,46,640,620,300,1600,1550,750,64,46,640,620,300,1600,1550,750
2026-07-20,دوشنبه,2026-07,53,25,-220,-120,-140,-550,-300,-350,54,25,-220,-120,-140,-550,-300,-350
2026-07-21,سه‌شنبه,2026-07,58,33,120,80,680,300,200,1700,59,33,-20,80,680,-50,200,1700
2026-07-22,چهارشنبه,2026-07,73,38,200,160,140,500,400,350,75,39,220,180,160,550,450,400
2026-07-23,پنج‌شنبه,2026-07,56,30,320,0,600,800,0,1500,59,30,320,0,600,800,0,1500
2026-07-24,جمعه,2026-07,47,19,-320,-520,-860,-800,-1300,-2150,49,19,-460,-520,-860,-1150,-1300,-2150
