ماهانه,سیگنال (بدون قانون ۷),دقت (بدون قانون ۷),۳پله/۲۰$ (بدون قانون ۷),۳پله/۵۰$ (بدون قانون ۷),سیگنال (با قانون ۷),دقت (با قانون ۷),۳پله/۲۰$ (با قانون ۷),۳پله/۵۰$ (با قانون ۷)
2025-07,452,0.4778761061946903,-500,-1250,459,0.4814814814814815,-400,-1000
2025-08,1723,0.5049332559489262,1360,3400,1777,0.505908835115363,1660,4150
2025-09,1763,0.4968803176403857,440,1100,1809,0.4969596462133776,340,850
2025-10,1644,0.5431873479318735,5100,12750,1718,0.5459837019790454,6420,16050
2025-11,1562,0.5268886043533931,3320,8300,1618,0.5284301606922126,3120,7800
2025-12,1716,0.548951048951049,5680,14200,1766,0.5498301245753114,5700,14250
2026-01,1834,0.5321701199563795,5100,12750,1881,0.5337586390217969,5240,13100
2026-02,1484,0.5525606469002695,7580,18950,1530,0.5549019607843138,7180,17950
2026-03,1849,0.5467820443482964,5940,14850,1899,0.5476566614007372,6520,16300
2026-04,1691,0.5623891188645772,6820,17050,1736,0.5645161290322581,7680,19200
2026-05,1850,0.5513513513513514,5300,13250,1906,0.5514165792235047,6060,15150
2026-06,1734,0.5403690888119954,5020,12550,1797,0.5414579855314413,5180,12950
2026-07,1359,0.5614422369389257,4900,12250,1407,0.5572139303482587,4760,11900
