طول رشته,تعداد (بدون قانون ۷),درصد (بدون قانون ۷),تعداد (با قانون ۷),درصد (با قانون ۷)
1,2883,0.5513482501434309,2983,0.5529193697868396
2,1290,0.246701090074584,1331,0.2467099165894347
3,562,0.1074775291642762,578,0.1071362372567192
4,264,0.05048766494549627,269,0.04986098239110287
5,120,0.02294893861158922,122,0.02261353104726599
6,66,0.01262191623637407,67,0.01241890639481001
7,19,0.003633581946834959,18,0.003336422613531047
8,10,0.001912411550965768,11,0.002038924930491195
9,10,0.001912411550965768,11,0.002038924930491195
10,1,0.0001912411550965768,1,0.000185356811862836
12,3,0.0005737234652897303,3,0.0005560704355885078
13,1,0.0001912411550965768,1,0.000185356811862836
